name,email,email_verified_at,updated_at,created_at,id
"Mrs. Magdalen Funk",kihn.kathlyn@example.com,2024-09-20T18:43:26.000000Z,2024-09-20T18:43:26.000000Z,2024-09-20T18:43:26.000000Z,1
"Eldora O'Keefe",raegan.pagac@example.com,2024-09-20T18:43:26.000000Z,2024-09-20T18:43:26.000000Z,2024-09-20T18:43:26.000000Z,2
"Margaret Sanford",kohler.chaim@example.com,2024-09-20T18:43:26.000000Z,2024-09-20T18:43:26.000000Z,2024-09-20T18:43:26.000000Z,3
"Malinda Blanda MD",della.jerde@example.org,2024-09-20T18:43:26.000000Z,2024-09-20T18:43:26.000000Z,2024-09-20T18:43:26.000000Z,4
"Hollis Hettinger",carissa00@example.net,2024-09-20T18:43:26.000000Z,2024-09-20T18:43:26.000000Z,2024-09-20T18:43:26.000000Z,5
"Brennon Osinski",kody.lesch@example.org,2024-09-20T18:43:26.000000Z,2024-09-20T18:43:26.000000Z,2024-09-20T18:43:26.000000Z,6
"Elyse Moore",aprohaska@example.com,2024-09-20T18:43:26.000000Z,2024-09-20T18:43:26.000000Z,2024-09-20T18:43:26.000000Z,7
"Kaelyn Keebler",gluettgen@example.net,2024-09-20T18:43:26.000000Z,2024-09-20T18:43:26.000000Z,2024-09-20T18:43:26.000000Z,8
"Polly Reynolds",wisoky.tommie@example.org,2024-09-20T18:43:26.000000Z,2024-09-20T18:43:26.000000Z,2024-09-20T18:43:26.000000Z,9
"Mr. Jared Ward PhD",maximillia.kris@example.org,2024-09-20T18:43:26.000000Z,2024-09-20T18:43:26.000000Z,2024-09-20T18:43:26.000000Z,10
